Workbook

Sheet Patients by Outcome
A3: Row Labels | B3: Count of PatientID
A4: Complicated | B4: 174
A5: Deceased | B5: 159
A6: Recovered | B6: 147
A7: Grand Total | B7: 480

Sheet Payment Method Analysis
A3: Row Labels | B3: Sum of TreatmentCost
A4: Cash | B4: 6023269
A5: Insurance | B5: 6724207
A6: Online | B6: 4737158
A7: Grand Total | B7: 17484634

Sheet patients
A1: PatientID | B1: Name | C1: Age | D1: Gender | E1: DiagnosisID | F1: AdmissionDate | G1: DischargeDate | H1: OutcomeID | I1: diagnosis name | J1: outcomes name | K1: Length of Stay | L1: Risk score | M1: TreatmentCost | N1: PaymentMethod
A2: 1 | B2: Vihaan Sharma | C2: 29 | D2: M | E2: 2 | F2: 17-07-2024 | G2: 25-07-2024 | H2: 3 | I2: =VLOOKUP(E2,diagnosis!$A$1:$B$11,2,FALSE) | J2: =VLOOKUP(H2,outcomes!$A$1:$B$4,2,FALSE) | K2: =G2-F2 | L2: High Risk | M2: 24552 | N2: Insurance
A3: 2 | B3: Riya Patel | C3: 4 | D3: M | E3: 4 | F3: 14-05-2025 | G3: 16-05-2025 | H3: 1 | I3: =VLOOKUP(E3,diagnosis!$A$1:$B$11,2,FALSE) | J3: =VLOOKUP(H3,outcomes!$A$1:$B$4,2,FALSE) | K3: =G3-F3 | L3: Low Risk | M3: 5066 | N3: Cash
A4: 3 | B4: Sneha Sharma | C4: 54 | D4: M | E4: 8 | F4: 12-02-2024 | G4: 01-03-2024 | H4: 3 | I4: =VLOOKUP(E4,diagnosis!$A$1:$B$11,2,FALSE) | J4: =VLOOKUP(H4,outcomes!$A$1:$B$4,2,FALSE) | K4: =G4-F4 | L4: High Risk | M4: 52884 | N4: Insurance
A5: 4 | B5: Aarav Gupta | C5: 36 | D5: M | E5: 4 | F5: 15-05-2025 | G5: 26-05-2025 | H5: 2 | I5: =VLOOKUP(E5,diagnosis!$A$1:$B$11,2,FALSE) | J5: =VLOOKUP(H5,outcomes!$A$1:$B$4,2,FALSE) | K5: =G5-F5 | L5: High Risk | M5: 26774 | N5: Insurance
A6: 5 | B6: Aditya Desai | C6: 45 | D6: F | E6: 1 | F6: 18-07-2023 | G6: 30-07-2023 | H6: 3 | I6: =VLOOKUP(E6,diagnosis!$A$1:$B$11,2,FALSE) | J6: =VLOOKUP(H6,outcomes!$A$1:$B$4,2,FALSE) | K6: =G6-F6 | L6: High Risk | M6: 43884 | N6: Online
A7: 6 | B7: Riya Reddy | C7: 71 | D7: F | E7: 10 | F7: 14-02-2025 | G7: 17-02-2025 | H7: 2 | I7: =VLOOKUP(E7,diagnosis!$A$1:$B$11,2,FALSE) | J7: =VLOOKUP(H7,outcomes!$A$1:$B$4,2,FALSE) | K7: =G7-F7 | L7: High Risk | M7: 12501 | N7: Cash
A8: 7 | B8: Reyansh Patel | C8: 38 | D8: M | E8: 4 | F8: 04-04-2023 | G8: 12-04-2023 | H8: 1 | I8: =VLOOKUP(E8,diagnosis!$A$1:$B$11,2,FALSE) | J8: =VLOOKUP(H8,outcomes!$A$1:$B$4,2,FALSE) | K8: =G8-F8 | L8: High Risk | M8: 33688 | N8: Insurance
A9: 8 | B9: Ishaan Kapoor | C9: 48 | D9: F | E9: 4 | F9: 17-01-2025 | G9: 23-01-2025 | H9: 3 | I9: =VLOOKUP(E9,diagnosis!$A$1:$B$11,2,FALSE) | J9: =VLOOKUP(H9,outcomes!$A$1:$B$4,2,FALSE) | K9: =G9-F9 | L9: Medium Risk | M9: 27948 | N9: Online
A10: 9 | B10: Aditya Rao | C10: 32 | D10: M | E10: 8 | F10: 17-12-2023 | G10: 04-01-2024 | H10: 2 | I10: =VLOOKUP(E10,diagnosis!$A$1:$B$11,2,FALSE) | J10: =VLOOKUP(H10,outcomes!$A$1:$B$4,2,FALSE) | K10: =G10-F10 | L10: High Risk | M10: 46854 | N10: Insurance
A11: 10 | B11: Riya Iyer | C11: 30 | D11: M | E11: 6 | F11: 26-10-2024 | G11: 28-10-2024 | H11: 2 | I11: =VLOOKUP(E11,diagnosis!$A$1:$B$11,2,FALSE) | J11: =VLOOKUP(H11,outcomes!$A$1:$B$4,2,FALSE) | K11: =G11-F11 | L11: Low Risk | M11: 4962 | N11: Cash
A12: 11 | B12: Aditya Mehta | C12: 84 | D12: F | E12: 7 | F12: 06-10-2024 | G12: 13-10-2024 | H12: 3 | I12: =VLOOKUP(E12,diagnosis!$A$1:$B$11,2,FALSE) | J12: =VLOOKUP(H12,outcomes!$A$1:$B$4,2,FALSE) | K12: =G12-F12 | L12: High Risk | M12: 26257 | N12: Cash
A13: 12 | B13: Arjun Khan | C13: 72 | D13: F | E13: 10 | F13: 13-10-2023 | G13: 21-10-2023 | H13: 2 | I13: =VLOOKUP(E13,diagnosis!$A$1:$B$11,2,FALSE) | J13: =VLOOKUP(H13,outcomes!$A$1:$B$4,2,FALSE) | K13: =G13-F13 | L13: High Risk | M13: 16208 | N13: Cash
... A481: 480 | B481: Sai Rao | C481: 79 | D481: M | E481: 3 | F481: 16-02-2025 | G481: 28-02-2025 | H481: 2 | I481: =VLOOKUP(E481,diagnosis!$A$1:$B$11,2,FALSE) | J481: =VLOOKUP(H481,outcomes!$A$1:$B$4,2,FALSE) | K481: =G481-F481 | L481: High Risk | M481: 27636 | N481: Online

Sheet diagnosis
A1: DiagnosisID | B1: DiagnosisName
A2: 1 | B2: Hypertension
A3: 2 | B3: Diabetes
A4: 3 | B4: Heart Disease
A5: 4 | B5: Asthma
A6: 5 | B6: Stroke
A7: 6 | B7: COPD
A8: 7 | B8: Cancer
A9: 8 | B9: Arthritis
A10: 9 | B10: Kidney Disease
A11: 10 | B11: Liver Disease

Sheet outcomes
A1: OutcomeID | B1: OutcomeName
A2: 1 | B2: Recovered
A3: 2 | B3: Complicated
A4: 3 | B4: Deceased
